,"Fossil fuels and cement production emissions by country (territorial, GCB)",,,,,,,,,,,,,,,,,,,,,,,,,,,,,,,,,,,,,,,,,,,,,,,,,,,,,,,,,,,,,,,,,,,,,,,,,,,,,,,,,,,,,,,,,,,,,,,,,,,,,,,,,,,,,,,,,,,,,,,,,,,,,,,,,,,,,,,,,,,,,,,,,,,,,,,,,,,,,,,,,,,,,,,,,,,,,,,,,,,,,,,,,,,,,,,,,,,,,,,,,,,,,,,,,,,,,,,,,,,,,,,,,,,,,,,,,,,,,,,,,,,,,,,,,,,,,,,,,,,,,,,
,"All values in million tonnes of carbon per year. For values in million tonnes of CO2 per year, multiply the values below by 3.664",,,,,,,,,,,,,,,,,,,,,,,,,,,,,,,,,,,,,,,,,,,,,,,,,,,,,,,,,,,,,,,,,,,,,,,,,,,,,,,,,,,,,,,,,,,,,,,,,,,,,,,,,,,,,,,,,,,,,,,,,,,,,,,,,,,,,,,,,,,,,,,,,,,,,,,,,,,,,,,,,,,,,,,,,,,,,,,,,,,,,,,,,,,,,,,,,,,,,,,,,,,,,,,,,,,,,,,,,,,,,,,,,,,,,,,,,,,,,,,,,,,,,,,,,,,,,,,,,,,,,,,
,1MtC = 1 million tonne of carbon = 3.664 million tonnes of CO2,,,,,,,,,,,,,,,,,,,,,,,,,,,,,,,,,,,,,,,,,,,,,,,,,,,,,,,,,,,,,,,,,,,,,,,,,,,,,,,,,,,,,,,,,,,,,,,,,,,,,,,,,,,,,,,,,,,,,,,,,,,,,,,,,,,,,,,,,,,,,,,,,,,,,,,,,,,,,,,,,,,,,,,,,,,,,,,,,,,,,,,,,,,,,,,,,,,,,,,,,,,,,,,,,,,,,,,,,,,,,,,,,,,,,,,,,,,,,,,,,,,,,,,,,,,,,,,,,,,,,,,
,Cite as: UNFCCC (June 2019) and CDIAC,,,,,,,,,,,,,,,,,,,,,,,,,,,,,,,,,,,,,,,,,,,,,,,,,,,,,,,,,,,,,,,,,,,,,,,,,,,,,,,,,,,,,,,,,,,,,,,,,,,,,,,,,,,,,,,,,,,,,,,,,,,,,,,,,,,,,,,,,,,,,,,,,,,,,,,,,,,,,,,,,,,,,,,,,,,,,,,,,,,,,,,,,,,,,,,,,,,,,,,,,,,,,,,,,,,,,,,,,,,,,,,,,,,,,,,,,,,,,,,,,,,,,,,,,,,,,,,,,,,,,,,
,Source of UNFCCC data: https://unfccc.int/process-and-meetings/transparency-and-reporting/reporting-and-review-under-the-convention/greenhouse-gas-inventories-annex-i-parties/national-inventory-submissions-2019; accessed June 2019,,,,,,,,,,,,,,,,,,,,,,,,,,,,,,,,,,,,,,,,,,,,,,,,,,,,,,,,,,,,,,,,,,,,,,,,,,,,,,,,,,,,,,,,,,,,,,,,,,,,,,,,,,,,,,,,,,,,,,,,,,,,,,,,,,,,,,,,,,,,,,,,,,,,,,,,,,,,,,,,,,,,,,,,,,,,,,,,,,,,,,,,,,,,,,,,,,,,,,,,,,,,,,,,,,,,,,,,,,,,,,,,,,,,,,,,,,,,,,,,,,,,,,,,,,,,,,,,,,,,,,,
,"Source of CDIAC data: Cite as: Gilfillan, D., Marland, G., Boden, T. and Andres, R.: Global, Regional, and National Fossil-Fuel CO2 Emissions, available at: https://energy.appstate.edu/CDIAC, last access: 27 September 2019.",,,,,,,,,,,,,,,,,,,,,,,,,,,,,,,,,,,,,,,,,,,,,,,,,,,,,,,,,,,,,,,,,,,,,,,,,,,,,,,,,,,,,,,,,,,,,,,,,,,,,,,,,,,,,,,,,,,,,,,,,,,,,,,,,,,,,,,,,,,,,,,,,,,,,,,,,,,,,,,,,,,,,,,,,,,,,,,,,,,,,,,,,,,,,,,,,,,,,,,,,,,,,,,,,,,,,,,,,,,,,,,,,,,,,,,,,,,,,,,,,,,,,,,,,,,,,,,,,,,,,,,
,"Methods: By default, the 1959-2016 estimates for fossil fuels and cement are from the Carbon Dioxide Information Analysis Center (CDIAC) ",,,,,,,,,,,,,,,,,,,,,,,,,,,,,,,,,,,,,,,,,,,,,,,,,,,,,,,,,,,,,,,,,,,,,,,,,,,,,,,,,,,,,,,,,,,,,,,,,,,,,,,,,,,,,,,,,,,,,,,,,,,,,,,,,,,,,,,,,,,,,,,,,,,,,,,,,,,,,,,,,,,,,,,,,,,,,,,,,,,,,,,,,,,,,,,,,,,,,,,,,,,,,,,,,,,,,,,,,,,,,,,,,,,,,,,,,,,,,,,,,,,,,,,,,,,,,,,,,,,,,,,
,Where available (42 countries) the national estimates reported by countries to the UNFCCC during 1990-2017 are overwritten (data in green).,,,,,,,,,,,,,,,,,,,,,,,,,,,,,,,,,,,,,,,,,,,,,,,,,,,,,,,,,,,,,,,,,,,,,,,,,,,,,,,,,,,,,,,,,,,,,,,,,,,,,,,,,,,,,,,,,,,,,,,,,,,,,,,,,,,,,,,,,,,,,,,,,,,,,,,,,,,,,,,,,,,,,,,,,,,,,,,,,,,,,,,,,,,,,,,,,,,,,,,,,,,,,,,,,,,,,,,,,,,,,,,,,,,,,,,,,,,,,,,,,,,,,,,,,,,,,,,,,,,,,,,
,2018 (and for some countries 2016-2018) estimates are preliminary and are based on energy statistics published by BP (data in red). https://www.bp.com/en/global/corporate/energy-economics/statistical-review-of-world-energy.html,,,,,,,,,,,,,,,,,,,,,,,,,,,,,,,,,,,,,,,,,,,,,,,,,,,,,,,,,,,,,,,,,,,,,,,,,,,,,,,,,,,,,,,,,,,,,,,,,,,,,,,,,,,,,,,,,,,,,,,,,,,,,,,,,,,,,,,,,,,,,,,,,,,,,,,,,,,,,,,,,,,,,,,,,,,,,,,,,,,,,,,,,,,,,,,,,,,,,,,,,,,,,,,,,,,,,,,,,,,,,,,,,,,,,,,,,,,,,,,,,,,,,,,,,,,,,,,,,,,,,,,
,Cement emissions are updated from Andrews (2018) https://www.earth-syst-sci-data.net/10/195/2018/ ,,,,,,,,,,,,,,,,,,,,,,,,,,,,,,,,,,,,,,,,,,,,,,,,,,,,,,,,,,,,,,,,,,,,,,,,,,,,,,,,,,,,,,,,,,,,,,,,,,,,,,,,,,,,,,,,,,,,,,,,,,,,,,,,,,,,,,,,,,,,,,,,,,,,,,,,,,,,,,,,,,,,,,,,,,,,,,,,,,,,,,,,,,,,,,,,,,,,,,,,,,,,,,,,,,,,,,,,,,,,,,,,,,,,,,,,,,,,,,,,,,,,,,,,,,,,,,,,,,,,,,,
,(1) National estimates include emissions from fossil fuel combustion and oxidation and cement production and excludes emissions from bunker fuels. World totals include emissions from bunker fuels. ,,,,,,,,,,,,,,,,,,,,,,,,,,,,,,,,,,,,,,,,,,,,,,,,,,,,,,,,,,,,,,,,,,,,,,,,,,,,,,,,,,,,,,,,,,,,,,,,,,,,,,,,,,,,,,,,,,,,,,,,,,,,,,,,,,,,,,,,,,,,,,,,,,,,,,,,,,,,,,,,,,,,,,,,,,,,,,,,,,,,,,,,,,,,,,,,,,,,,,,,,,,,,,,,,,,,,,,,,,,,,,,,,,,,,,,,,,,,,,,,,,,,,,,,,,,,,,,,,,,,,,,
,(2) Bunker fuels: Emissions from fuels used for international aviation and maritime transport,,,,,,,,,,,,,,,,,,,,,,,,,,,,,,,,,,,,,,,,,,,,,,,,,,,,,,,,,,,,,,,,,,,,,,,,,,,,,,,,,,,,,,,,,,,,,,,,,,,,,,,,,,,,,,,,,,,,,,,,,,,,,,,,,,,,,,,,,,,,,,,,,,,,,,,,,,,,,,,,,,,,,,,,,,,,,,,,,,,,,,,,,,,,,,,,,,,,,,,,,,,,,,,,,,,,,,,,,,,,,,,,,,,,,,,,,,,,,,,,,,,,,,,,,,,,,,,,,,,,,,,
,"(3) The disaggregations of regions (e.g. the former Soviet Union prior to 1992) are based on the shares of emissions in the first year after the countries are disaggregated (e.g., 1992 for the Former Soviet).",,,,,,,,,,,,,,,,,,,,,,,,,,,,,,,,,,,,,,,,,,,,,,,,,,,,,,,,,,,,,,,,,,,,,,,,,,,,,,,,,,,,,,,,,,,,,,,,,,,,,,,,,,,,,,,,,,,,,,,,,,,,,,,,,,,,,,,,,,,,,,,,,,,,,,,,,,,,,,,,,,,,,,,,,,,,,,,,,,,,,,,,,,,,,,,,,,,,,,,,,,,,,,,,,,,,,,,,,,,,,,,,,,,,,,,,,,,,,,,,,,,,,,,,,,,,,,,,,,,,,,,
,(4) The statistical difference presented on column HX is the difference between the world emissions and the sum of the emissions for each countries and for the bunker fuels.,,,,,,,,,,,,,,,,,,,,,,,,,,,,,,,,,,,,,,,,,,,,,,,,,,,,,,,,,,,,,,,,,,,,,,,,,,,,,,,,,,,,,,,,,,,,,,,,,,,,,,,,,,,,,,,,,,,,,,,,,,,,,,,,,,,,,,,,,,,,,,,,,,,,,,,,,,,,,,,,,,,,,,,,,,,,,,,,,,,,,,,,,,,,,,,,,,,,,,,,,,,,,,,,,,,,,,,,,,,,,,,,,,,,,,,,,,,,,,,,,,,,,,,,,,,,,,,,,,,,,,,
MtC/yr,,,,,,,,,,,,,,,,,,,,,,,,,,,,,,,,,,,,,,,,,,,,,,,,,,,,,,,,,,,,,,,,,,,,,,,,,,,,,,,,,,,,,,,,,,,,,,,,,,,,,,,,,,,,,,,,,,,,,,,,,,,,,,,,,,,,,,,,,,,,,,,,,,,,,,,,,,,,,,,,,,,,,,,,,,,,,,,,,,,,,,,,,,,,,,,,,,,,,,,,,,,,,,,,,,,,,,,,,,,,,,,,,,,,,,,,,,,,,,,,,,,,,,,,,,,,,,,,,,,,,,,,
,AFGHANISTAN,ALBANIA,ALGERIA,ANDORRA,ANGOLA,ANGUILLA,ANTIGUA & BARBUDA,ARGENTINA,ARMENIA,ARUBA,AUSTRALIA,AUSTRIA,AZERBAIJAN,BAHAMAS,BAHRAIN,BANGLADESH,BARBADOS,BELARUS,BELGIUM,BELIZE,BENIN,BERMUDA,BHUTAN,"BONAIRE, SAINT EUSTATIUS, AND SABA",BOSNIA & HERZEGOVINA,BOTSWANA,BRAZIL,BRITISH VIRGIN ISLANDS,BRUNEI (DARUSSALAM),BULGARIA,BURKINA FASO,BURUNDI,CAMBODIA,CANADA,CAPE VERDE,CENTRAL AFRICAN REPUBLIC,CHAD,CHILE,CHINA (MAINLAND),COLOMBIA,COMOROS,CONGO,COOK ISLANDS,COSTA RICA,COTE D IVOIRE,CROATIA,CUBA,CURACAO,CYPRUS,CZECH REPUBLIC,DEMOCRATIC PEOPLE S REPUBLIC OF KOREA,DEMOCRATIC REPUBLIC OF THE CONGO (FORMERLY ZAIRE),DENMARK,DJIBOUTI,DOMINICA,DOMINICAN REPUBLIC,ECUADOR,EGYPT,EL SALVADOR,EQUATORIAL GUINEA,ERITREA,ESTONIA,ETHIOPIA,FAEROE ISLANDS,FEDERATED STATES OF MICRONESIA,FIJI,FINLAND,FRANCE (INCLUDING MONACO),FRENCH POLYNESIA,GABON,GAMBIA,GEORGIA,GERMANY,GHANA,GREECE,GREENLAND,GRENADA,GUATEMALA,GUINEA,GUINEA BISSAU,GUYANA,HAITI,HONDURAS,HONG KONG SPECIAL ADMINSTRATIVE REGION OF CHINA,HUNGARY,ICELAND,INDIA,INDONESIA,IRAQ,IRELAND,ISLAMIC REPUBLIC OF IRAN,ISRAEL,ITALY (INCLUDING SAN MARINO),JAMAICA,JAPAN,JORDAN,KAZAKHSTAN,KENYA,KIRIBATI,KOSOVO,KUWAIT,KYRGYZSTAN,LAO PEOPLE S DEMOCRATIC REPUBLIC,LATVIA,LEBANON,LESOTHO,LIBERIA,LIBYAN ARAB JAMAHIRIYAH,LIECHTENSTEIN,LITHUANIA,LUXEMBOURG,MACAU SPECIAL ADMINSTRATIVE REGION OF CHINA,MACEDONIA,MADAGASCAR,MALAWI,MALAYSIA,MALDIVES,MALI,MALTA,MARSHALL ISLANDS,MAURITANIA,MAURITIUS,MEXICO,MONGOLIA,MONTENEGRO,MONTSERRAT,MOROCCO,MOZAMBIQUE,MYANMAR (FORMERLY BURMA),NAMIBIA,NAURU,NEPAL,NETHERLANDS,NEW CALEDONIA,NEW ZEALAND,NICARAGUA,NIGER,NIGERIA,NIUE,NORWAY,OCCUPIED PALESTINIAN TERRITORY,OMAN,PAKISTAN,PALAU,PANAMA,PAPUA NEW GUINEA,PARAGUAY,PERU,PHILIPPINES,PLURINATIONAL STATE OF BOLIVIA,POLAND,PORTUGAL,QATAR,REPUBLIC OF CAMEROON,REPUBLIC OF KOREA,REPUBLIC OF MOLDOVA,REPUBLIC OF SOUTH SUDAN,REPUBLIC OF SUDAN,ROMANIA,RUSSIAN FEDERATION,RWANDA,SAINT HELENA,SAINT LUCIA,SAINT MARTIN (DUTCH PORTION),SAMOA,SAO TOME & PRINCIPE,SAUDI ARABIA,SENEGAL,SERBIA,SEYCHELLES,SIERRA LEONE,SINGAPORE,SLOVAKIA,SLOVENIA,SOLOMON ISLANDS,SOMALIA,SOUTH AFRICA,SPAIN,SRI LANKA,ST. KITTS-NEVIS,ST. PIERRE & MIQUELON,ST. VINCENT & THE GRENADINES,SURINAME,SWAZILAND,SWEDEN,SWITZERLAND,SYRIAN ARAB REPUBLIC,TAIWAN,TAJIKISTAN,THAILAND,TIMOR-LESTE (FORMERLY EAST TIMOR),TOGO,TONGA,TRINIDAD AND TOBAGO,TUNISIA,TURKEY,TURKMENISTAN,TURKS AND CAICOS ISLANDS,TUVALU,UGANDA,UKRAINE,UNITED ARAB EMIRATES,UNITED KINGDOM,UNITED REPUBLIC OF TANZANIA,UNITED STATES OF AMERICA,URUGUAY,UZBEKISTAN,VANUATU,VENEZUELA,VIET NAM,WALLIS AND FUTUNA ISLANDS,YEMEN,ZAMBIA,ZIMBABWE,KP Annex B,Non KP Annex B,OECD,Non-OECD,EU28,Africa,Asia,Central America,Europe,Middle East,North America,Oceania,South America,Bunkers,Statistical Difference,World,,,,,,,,,,,,,,,,,,,,,,,,,,,,,,,,,,
,Afghanistan,Albania,Algeria,Andorra,Angola,Anguilla,Antigua and Barbuda,Argentina,Armenia,Aruba,Australia,Austria,Azerbaijan,Bahamas,Bahrain,Bangladesh,Barbados,Belarus,Belgium,Belize,Benin,Bermuda,Bhutan,"Bonaire, Saint Eustatius and Saba",Bosnia and Herzegovina,Botswana,Brazil,British Virgin Islands,Brunei Darussalam,Bulgaria,Burkina Faso,Burundi,Cambodia,Canada,Cape Verde,Central African Republic,Chad,Chile,China,Colombia,Comoros,Congo,Cook Islands,Costa Rica,Côte d'Ivoire,Croatia,Cuba,Curaçao,Cyprus,Czech Republic,North Korea,Democratic Republic of the Congo,Denmark,Djibouti,Dominica,Dominican Republic,Ecuador,Egypt,El Salvador,Equatorial Guinea,Eritrea,Estonia,Ethiopia,Faeroe Islands,Micronesia (Federated States of),Fiji,Finland,France,French Polynesia,Gabon,Gambia,Georgia,Germany,Ghana,Greece,Greenland,Grenada,Guatemala,Guinea,Guinea-Bissau,Guyana,Haiti,Honduras,Hong Kong,Hungary,Iceland,India,Indonesia,Iraq,Ireland,Iran,Israel,Italy,Jamaica,Japan,Jordan,Kazakhstan,Kenya,Kiribati,Kosovo,Kuwait,Kyrgyzstan,Laos,Latvia,Lebanon,Lesotho,Liberia,Libya,Liechtenstein,Lithuania,Luxembourg,Macao,Macedonia (Republic of),Madagascar,Malawi,Malaysia,Maldives,Mali,Malta,Marshall Islands,Mauritania,Mauritius,Mexico,Mongolia,Montenegro,Montserrat,Morocco,Mozambique,Myanmar,Namibia,Nauru,Nepal,Netherlands,New Caledonia,New Zealand,Nicaragua,Niger,Nigeria,Niue,Norway,Occupied Palestinian Territory,Oman,Pakistan,Palau,Panama,Papua New Guinea,Paraguay,Peru,Philippines,Bolivia,Poland,Portugal,Qatar,Cameroon,South Korea,Moldova,South Sudan,Sudan,Romania,Russian Federation,Rwanda,Saint Helena,Saint Lucia,Sint Maarten (Dutch part),Samoa,Sao Tome and Principe,Saudi Arabia,Senegal,Serbia,Seychelles,Sierra Leone,Singapore,Slovakia,Slovenia,Solomon Islands,Somalia,South Africa,Spain,Sri Lanka,Saint Kitts and Nevis,Saint Pierre and Miquelon,Saint Vincent and the Grenadines,Suriname,Swaziland,Sweden,Switzerland,Syria,Taiwan,Tajikistan,Thailand,Timor-Leste,Togo,Tonga,Trinidad and Tobago,Tunisia,Turkey,Turkmenistan,Turks and Caicos Islands,Tuvalu,Uganda,Ukraine,United Arab Emirates,United Kingdom,Tanzania,USA,Uruguay,Uzbekistan,Vanuatu,Venezuela,Viet Nam,Wallis and Futuna Islands,Yemen,Zambia,Zimbabwe,KP Annex B,Non KP Annex B,OECD,Non-OECD,EU28,Africa,Asia,Central America,Europe,Middle East,North America,Oceania,South America,Bunkers,Statistical Difference,World,,,,,,,,,,,,,,,,,,,,,,,,,,,,,,,,,,
1959,0,0,2,NaN,0,NaN,0,13,2,0,23,8,5,0,0,1,0,12,24,0,0,0,NaN,0,1,NaN,11,NaN,0,5,0,0,0,50,0,0,0,3,197,4,0,0,NaN,0,0,1,4,3,0,25,5,1,7,0,0,0,0,3,0,0,NaN,3,0,0,NaN,0,4,72,0,0,0,3,206,0,2,0,0,0,0,0,0,0,0,1,11,0,30,7,2,3,7,2,26,1,53,0,24,1,NaN,NaN,1,2,0,2,1,NaN,0,0,NaN,3,3,0,1,0,0,1,NaN,0,0,NaN,0,0,16,0,0,NaN,1,0,1,NaN,NaN,0,18,0,3,0,0,1,NaN,3,NaN,NaN,3,NaN,0,0,0,2,2,0,52,2,0,0,3,3,0,0,14,233,0,NaN,0,0,0,0,1,0,4,NaN,0,0,8,1,0,0,26,14,1,NaN,0,0,0,0,12,5,1,3,1,1,NaN,0,0,1,0,5,4,NaN,NaN,0,71,0,149,0,770,1,11,NaN,18,2,NaN,1,1,2,1886,473,1586,773,676,40,363,11,1009,19,837,26,54,58,0,2417,,,,,,,,,,,,,,,,,,,,,,,,,,,,,,,,,,
1960,0,1,2,NaN,0,NaN,0,13,2,0,24,8,6,0,0,1,0,12,25,0,0,0,NaN,0,1,NaN,13,NaN,0,6,0,0,0,53,0,0,0,4,213,4,0,0,NaN,0,0,2,4,2,0,27,6,1,8,0,0,0,0,4,0,0,NaN,3,0,0,NaN,0,4,74,0,0,0,3,222,0,3,0,0,0,0,0,0,0,0,1,12,0,33,6,2,3,10,2,30,0,63,0,25,1,NaN,NaN,2,2,0,2,1,NaN,0,0,NaN,3,3,0,1,0,0,1,NaN,0,0,NaN,0,0,17,0,0,NaN,1,1,1,NaN,NaN,0,20,0,3,0,0,1,NaN,4,NaN,NaN,3,NaN,0,0,0,2,2,0,54,2,0,0,3,3,0,0,15,242,0,NaN,0,0,0,0,1,0,4,NaN,0,0,9,1,0,0,27,13,1,NaN,0,0,0,0,13,5,1,3,1,1,NaN,0,0,1,0,5,4,NaN,NaN,0,73,0,159,0,788,1,12,NaN,16,2,NaN,1,1,2,1979,506,1667,819,723,43,398,10,1071,25,858,28,54,65,0,2550,,,,,,,,,,,,,,,,,,,,,,,,,,,,,,,,,,
1961,0,1,2,NaN,0,NaN,0,14,2,0,25,9,6,0,0,1,0,13,25,0,0,0,NaN,0,2,NaN,13,NaN,0,7,0,0,0,53,0,0,0,4,150,5,0,0,NaN,0,0,2,3,3,0,29,7,1,9,0,0,0,0,5,0,0,NaN,3,0,0,NaN,0,4,77,0,0,0,3,228,0,3,0,0,0,0,0,0,0,0,1,13,0,36,7,2,3,10,2,34,1,77,0,26,1,0,NaN,3,2,0,2,1,NaN,0,0,NaN,4,3,0,1,0,0,1,NaN,0,0,NaN,0,0,18,0,0,NaN,1,1,1,NaN,NaN,0,21,0,3,0,0,1,NaN,4,NaN,NaN,3,NaN,0,0,0,2,2,0,57,2,0,0,4,3,0,0,15,250,0,NaN,0,0,0,0,1,0,4,NaN,0,1,9,1,0,0,28,15,1,NaN,0,0,0,0,13,6,1,3,1,1,NaN,0,0,1,0,5,5,NaN,NaN,0,76,0,161,0,785,1,12,NaN,14,2,NaN,1,1,1,2027,458,1704,780,749,44,357,10,1107,26,856,28,55,72,0,2556,,,,,,,,,,,,,,,,,,,,,,,,,,,,,,,,,,
1962,0,1,2,NaN,0,NaN,0,15,2,0,26,9,6,0,0,1,0,13,27,0,0,0,NaN,0,2,NaN,15,0,0,8,0,0,0,56,0,0,0,5,120,5,0,0,NaN,0,0,2,4,3,0,31,8,1,10,0,0,0,0,5,0,0,NaN,3,0,0,NaN,0,5,82,0,0,0,3,241,0,3,0,0,0,0,0,0,0,0,1,14,0,39,6,2,4,10,2,40,1,80,0,28,1,0,NaN,4,3,0,2,1,NaN,0,0,NaN,4,3,0,1,0,0,1,NaN,0,0,NaN,0,0,17,1,0,0,1,1,1,NaN,NaN,0,23,0,3,0,0,1,NaN,4,NaN,NaN,4,NaN,0,0,0,3,3,0,59,3,0,0,5,3,0,0,17,262,0,NaN,0,0,0,0,2,0,4,NaN,0,1,10,1,0,0,29,16,1,NaN,0,0,0,NaN,14,7,1,4,1,1,NaN,0,0,2,0,6,5,NaN,NaN,0,79,0,162,0,814,1,13,0,15,3,NaN,1,1,1,2124,449,1784,789,792,45,340,12,1169,30,888,29,59,74,0,2647,,,,,,,,,,,,,,,,,,,,,,,,,,,,,,,,,,
1963,0,1,1,NaN,0,NaN,0,14,2,0,28,10,7,0,0,1,0,14,29,0,0,0,NaN,0,2,NaN,15,0,0,9,0,0,0,58,0,0,0,5,119,6,0,0,NaN,0,0,2,4,3,0,33,9,1,11,0,0,0,0,6,0,0,NaN,3,0,0,NaN,0,5,91,0,0,0,3,258,0,3,0,0,0,0,0,0,0,0,1,15,0,42,6,3,4,11,2,45,1,89,0,30,1,0,NaN,5,3,0,2,1,NaN,0,0,NaN,4,3,0,1,0,0,2,NaN,0,0,NaN,0,0,18,0,0,0,1,0,1,NaN,NaN,0,25,0,3,0,0,1,NaN,4,NaN,NaN,4,NaN,0,0,0,3,3,0,63,3,2,0,6,4,0,0,19,281,0,NaN,0,0,0,0,2,0,5,0,0,1,11,1,0,0,30,16,1,NaN,0,0,0,NaN,15,8,1,4,1,2,NaN,0,0,0,1,6,5,NaN,NaN,0,85,0,165,0,850,1,14,0,15,2,NaN,1,1,1,2252,467,1886,832,846,48,358,10,1251,34,926,31,60,78,0,2797,,,,,,,,,,,,,,,,,,,,,,,,,,,,,,,,,,
1964,0,1,2,NaN,0,NaN,0,15,2,0,30,11,7,0,0,1,0,15,28,0,0,0,NaN,0,2,NaN,15,0,0,12,0,0,0,65,0,0,0,5,119,6,0,0,NaN,0,0,2,4,3,0,34,10,1,12,0,0,0,1,7,0,0,NaN,4,0,0,NaN,0,6,94,0,0,0,4,264,0,4,0,0,0,0,0,0,0,0,1,17,0,41,6,2,4,13,2,48,1,98,0,31,1,0,NaN,7,3,0,2,1,NaN,0,0,NaN,4,3,0,1,0,0,2,NaN,0,0,NaN,0,0,20,1,0,0,1,1,1,NaN,0,0,26,0,4,0,0,2,NaN,4,NaN,0,4,NaN,0,0,0,3,3,0,66,3,2,0,6,4,0,0,20,299,0,NaN,0,0,0,0,2,0,6,0,0,1,11,2,0,0,33,18,1,NaN,0,0,0,0,16,8,1,5,1,2,NaN,0,0,1,1,7,6,NaN,NaN,0,91,0,166,0,888,1,15,0,15,3,NaN,1,1,1,2363,494,1974,883,878,53,374,12,1308,40,973,34,63,85,0,2942,,,,,,,,,,,,,,,,,,,,,,,,,,,,,,,,,,
1965,0,1,2,NaN,0,NaN,0,16,3,0,33,10,7,0,0,1,0,16,29,0,0,0,NaN,0,2,NaN,15,0,0,13,0,0,0,69,0,0,0,5,130,6,0,0,NaN,0,0,2,4,2,0,33,12,1,12,0,0,0,1,8,0,0,NaN,4,0,0,NaN,0,7,96,0,0,0,4,262,0,5,0,0,1,0,0,0,0,0,1,17,0,45,7,5,4,15,4,52,1,105,0,33,1,0,NaN,10,3,0,2,1,NaN,0,0,NaN,4,3,0,1,0,0,2,NaN,0,0,NaN,0,0,21,1,0,0,1,1,1,NaN,0,0,27,0,4,0,0,3,NaN,4,NaN,0,5,NaN,0,0,0,3,4,0,67,3,2,0,7,4,0,1,21,317,0,NaN,0,0,0,0,1,0,6,0,0,1,11,2,0,0,35,19,1,NaN,0,0,0,0,17,8,1,5,1,2,NaN,0,0,1,1,7,6,NaN,NaN,0,96,0,170,0,925,2,16,0,17,4,NaN,1,1,1,2455,536,2042,949,894,58,406,12,1350,47,1014,37,66,88,0,3079,,,,,,,,,,,,,,,,,,,,,,,,,,,,,,,,,,
1966,0,1,2,NaN,0,NaN,0,17,3,0,33,11,8,0,0,1,0,17,29,0,0,0,NaN,0,2,NaN,18,0,0,13,0,0,0,71,0,0,0,5,142,6,0,0,NaN,0,0,2,4,2,0,33,13,1,14,0,0,0,1,7,0,0,NaN,4,0,0,NaN,0,8,95,0,0,0,4,260,0,5,0,0,0,0,0,0,0,0,1,17,0,47,6,8,4,17,4,58,1,114,0,35,1,0,NaN,10,3,0,3,1,NaN,0,1,NaN,5,3,0,1,0,0,3,NaN,0,0,NaN,0,0,22,1,0,0,1,1,1,NaN,0,0,28,0,4,0,0,4,NaN,5,NaN,0,5,NaN,0,0,0,4,4,0,69,3,2,0,8,4,0,1,23,335,0,NaN,0,0,0,0,2,0,6,0,0,0,11,2,0,0,35,21,1,NaN,0,0,0,0,20,9,1,5,2,3,NaN,0,0,1,1,9,6,NaN,NaN,0,101,0,169,0,971,1,17,0,16,5,NaN,1,1,2,2552,575,2118,1009,909,60,439,12,1391,54,1064,37,69,95,0,3222,,,,,,,,,,,,,,,,,,,,,,,,,,,,,,,,,,
1967,0,1,2,NaN,0,NaN,0,18,3,0,35,11,8,0,0,1,0,18,29,0,0,0,NaN,0,2,NaN,18,0,0,15,0,0,0,77,0,0,0,5,118,7,0,0,NaN,0,0,2,4,3,0,33,14,1,13,0,0,0,1,5,0,0,NaN,4,0,0,NaN,0,8,102,0,0,0,4,256,0,5,0,0,1,0,0,0,0,0,2,16,0,47,7,5,4,19,4,64,1,134,0,37,1,0,NaN,7,3,0,3,1,NaN,0,5,NaN,5,3,0,1,0,0,3,NaN,0,0,NaN,0,0,25,1,0,0,1,1,1,NaN,0,0,29,0,4,0,0,4,NaN,5,NaN,0,5,NaN,0,0,0,4,5,1,71,3,2,0,10,4,0,1,25,350,0,NaN,0,0,0,0,7,0,6,0,0,1,11,2,0,0,37,24,1,NaN,0,0,0,0,19,9,1,6,2,3,NaN,0,0,1,1,9,6,NaN,NaN,0,106,0,162,0,1008,1,17,0,18,6,NaN,1,1,1,2646,577,2192,1031,918,65,445,14,1422,56,1110,40,73,102,0,3325,,,,,,,,,,,,,,,,,,,,,,,,,,,,,,,,,,
1968,0,1,2,NaN,0,NaN,0,19,3,0,37,12,8,0,0,1,0,18,32,0,0,0,NaN,0,2,NaN,21,0,0,16,0,0,0,83,0,0,0,6,128,7,0,0,NaN,0,0,2,4,3,0,35,16,1,15,0,0,1,1,6,0,0,NaN,4,0,0,NaN,0,9,105,0,1,0,4,269,0,6,0,0,1,0,0,0,0,0,2,17,0,51,8,5,5,22,4,68,1,153,0,38,1,0,NaN,6,3,0,3,1,NaN,0,8,NaN,5,3,0,2,0,0,3,NaN,0,0,NaN,0,0,26,1,0,0,2,1,1,NaN,0,0,31,1,4,0,0,2,NaN,6,NaN,0,6,NaN,1,0,0,4,6,1,75,4,2,0,10,5,0,1,27,360,0,0,0,0,0,0,8,0,6,0,0,1,11,2,0,0,38,26,1,NaN,0,0,0,0,21,10,2,7,2,5,NaN,0,0,1,1,10,7,NaN,NaN,0,109,0,166,0,1045,1,18,0,18,6,NaN,3,1,2,2775,624,2308,1091,969,70,489,14,1488,64,1153,41,79,108,0,3507,,,,,,,,,,,,,,,,,,,,,,,,,,,,,,,,,,
1969,0,1,3,NaN,1,NaN,0,21,3,0,39,12,9,0,0,1,0,19,34,0,0,0,NaN,0,2,NaN,23,0,0,18,0,0,0,84,0,0,0,6,157,8,0,0,0,0,1,2,5,3,0,37,17,1,16,0,0,1,1,5,0,0,NaN,4,0,0,NaN,0,10,113,0,0,0,5,287,0,7,0,0,1,0,0,0,0,0,2,17,0,52,9,6,5,23,4,74,1,178,0,39,1,0,NaN,7,4,0,3,1,NaN,0,10,NaN,5,4,0,2,0,0,2,NaN,0,0,NaN,0,0,28,1,0,0,2,1,1,NaN,0,0,32,0,4,0,0,3,NaN,6,NaN,0,6,NaN,1,0,0,4,6,1,80,4,2,0,12,5,0,1,30,375,0,NaN,0,0,0,0,10,0,6,0,0,2,12,2,0,0,39,26,1,NaN,0,0,0,0,24,10,2,7,2,4,NaN,0,0,1,1,11,7,NaN,NaN,0,113,6,172,0,1098,2,19,0,19,7,NaN,1,1,2,2937,690,2450,1178,1030,76,554,15,1571,73,1209,43,85,113,0,3740,,,,,,,,,,,,,,,,,,,,,,,,,,,,,,,,,,
1970,0,1,4,NaN,1,NaN,0,23,3,0,40,14,9,1,1,1,0,20,34,0,0,0,0,0,3,NaN,26,0,2,17,0,0,0,93,0,0,0,7,210,8,0,0,0,0,1,3,5,4,0,42,20,1,17,0,0,1,1,6,0,0,NaN,5,0,0,NaN,0,11,120,0,1,0,5,280,1,7,0,0,1,0,0,0,0,0,2,19,0,53,10,7,5,25,5,81,1,210,0,41,1,0,NaN,7,4,0,3,1,NaN,0,9,NaN,6,4,0,2,0,0,4,NaN,0,0,NaN,0,0,31,1,0,0,2,1,1,NaN,0,0,39,1,4,0,0,6,0,8,NaN,0,6,NaN,1,0,0,5,7,1,83,4,2,0,15,5,0,1,33,394,0,NaN,0,0,0,0,12,0,8,0,0,5,13,2,0,0,41,32,1,NaN,0,0,0,0,25,11,2,8,2,4,NaN,0,0,2,1,12,7,NaN,NaN,0,119,4,178,0,1181,2,20,0,20,8,NaN,1,1,2,3137,794,2630,1300,1077,83,660,18,1650,78,1305,45,92,119,0,4050,,,,,,,,,,,,,,,,,,,,,,,,,,,,,,,,,,
1971,1,1,5,NaN,1,NaN,0,24,3,0,42,14,10,2,1,1,0,21,33,0,0,0,0,0,3,NaN,28,0,2,18,0,0,0,96,0,0,0,7,239,8,0,0,0,0,1,3,5,3,1,44,29,1,16,0,0,1,1,6,0,0,NaN,5,1,0,NaN,0,11,126,0,1,0,5,283,1,8,0,0,1,0,0,0,0,0,2,19,0,56,11,8,6,28,4,85,2,217,0,44,1,0,NaN,7,4,0,3,1,NaN,0,6,NaN,6,4,0,2,0,0,5,0,0,0,NaN,0,0,34,1,0,0,2,1,1,NaN,0,0,38,1,4,0,0,9,0,7,NaN,1,5,NaN,1,0,0,5,8,1,85,4,2,0,16,5,0,1,34,418,0,NaN,0,0,0,0,16,0,9,0,0,5,14,3,0,0,46,35,1,NaN,0,0,0,0,23,11,2,9,2,5,NaN,0,0,2,1,13,8,NaN,NaN,0,127,6,180,1,1188,2,21,0,17,7,NaN,1,1,2,3213,875,2678,1409,1102,91,718,20,1709,91,1318,47,95,126,0,4214,,,,,,,,,,,,,,,,,,,,,,,,,,,,,,,,,,
1972,0,2,8,NaN,1,NaN,0,25,4,0,43,15,10,2,1,1,0,23,36,0,0,0,0,0,3,0,31,0,3,18,0,0,0,104,0,0,0,8,254,9,0,0,0,0,1,3,6,3,1,45,24,1,16,0,0,1,1,7,0,0,NaN,5,0,0,NaN,0,12,131,0,1,0,5,284,1,9,0,0,1,0,0,0,0,0,3,19,0,59,12,8,6,29,5,90,2,233,1,46,1,0,NaN,8,4,0,3,2,NaN,0,4,NaN,6,4,0,2,0,0,5,0,0,0,NaN,0,0,36,1,0,0,2,1,1,NaN,0,0,43,0,4,0,0,11,0,8,NaN,1,5,NaN,1,0,0,5,7,1,90,5,3,0,16,6,0,1,36,440,0,NaN,0,0,0,0,19,0,9,0,0,6,14,2,0,0,47,39,1,NaN,0,0,0,0,23,12,2,10,2,6,NaN,0,0,2,1,15,8,NaN,NaN,0,133,6,177,1,1244,2,22,0,17,6,NaN,0,1,2,3354,921,2793,1482,1133,96,758,21,1771,98,1384,48,99,134,0,4410,,,,,,,,,,,,,,,,,,,,,,,,,,,,,,,,,,
1973,0,1,10,NaN,1,NaN,0,26,4,0,47,16,11,2,2,1,0,23,38,0,0,0,0,0,3,0,36,0,3,19,0,0,0,104,0,0,0,8,264,9,0,0,0,1,1,4,6,3,1,45,27,1,16,0,0,2,1,6,1,0,NaN,5,0,0,NaN,0,13,141,0,1,0,6,296,1,10,0,0,1,0,0,0,0,0,3,20,0,61,13,8,6,35,5,96,2,250,1,48,1,0,NaN,7,4,0,3,2,NaN,0,4,NaN,7,4,0,3,0,0,5,0,0,0,NaN,0,0,39,1,0,0,3,1,1,NaN,0,0,45,1,5,0,0,14,0,8,NaN,1,5,NaN,1,0,0,5,9,1,92,5,3,0,20,6,0,1,40,459,0,NaN,0,0,0,0,26,0,10,0,0,6,14,3,0,0,47,42,1,NaN,0,0,1,0,24,13,2,11,2,7,NaN,0,0,3,1,16,9,NaN,NaN,0,139,8,180,1,1300,2,23,0,18,7,NaN,1,1,3,3510,990,2928,1572,1187,103,800,23,1853,117,1443,53,107,144,0,4644,,,,,,,,,,,,,,,,,,,,,,,,,,,,,,,,,,
1974,1,1,9,NaN,1,NaN,0,26,4,0,47,16,11,2,1,1,0,24,37,0,0,0,0,0,4,0,39,0,2,19,0,0,0,106,0,0,0,7,269,10,0,0,0,1,1,4,6,3,1,45,28,1,15,0,0,2,2,7,1,0,NaN,6,0,0,NaN,0,13,136,0,1,0,6,290,1,10,0,0,1,0,0,0,0,0,3,20,0,63,14,8,6,39,5,98,2,250,1,50,1,0,NaN,5,5,0,4,2,NaN,0,3,NaN,7,4,0,3,0,0,5,0,0,0,NaN,0,0,42,1,0,0,3,1,1,NaN,0,0,44,1,5,1,0,17,0,8,NaN,1,6,NaN,1,0,0,6,8,1,94,6,3,0,21,6,0,1,41,476,0,NaN,0,0,0,0,27,1,10,0,0,6,14,3,0,0,48,47,1,NaN,0,0,0,0,22,11,3,11,2,7,NaN,0,0,3,1,17,9,NaN,NaN,0,144,9,168,1,1254,2,24,0,20,5,NaN,1,1,2,3470,1020,2867,1623,1170,106,813,23,1858,121,1402,53,114,134,0,4624,,,,,,,,,,,,,,,,,,,,,,,,,,,,,,,,,,
1975,1,1,9,NaN,1,NaN,0,26,4,0,48,15,12,2,2,1,0,26,33,0,0,0,0,0,4,0,41,0,2,20,0,0,0,108,0,0,0,6,312,10,0,0,0,1,1,4,7,2,1,47,29,1,15,0,0,2,2,8,1,0,NaN,6,0,0,NaN,0,13,122,0,1,0,6,274,1,11,0,0,1,0,0,0,0,0,3,21,0,69,15,9,6,38,5,93,2,237,1,53,1,0,NaN,5,5,0,4,2,NaN,0,3,NaN,7,3,0,3,0,0,5,0,0,0,NaN,0,0,45,1,0,0,3,1,1,NaN,0,0,42,1,5,1,0,13,0,8,NaN,2,6,NaN,1,0,0,6,9,1,102,6,3,0,22,6,0,1,44,501,0,NaN,0,0,0,0,23,1,11,0,0,7,15,3,0,0,50,49,1,NaN,0,0,1,0,22,11,3,12,2,7,NaN,0,0,3,2,18,9,NaN,NaN,0,151,8,165,1,1201,2,25,0,17,6,NaN,1,1,2,3412,1083,2778,1718,1142,106,862,24,1864,119,1354,54,112,122,0,4618,,,,,,,,,,,,,,,,,,,,,,,,,,,,,,,,,,
1976,1,1,11,NaN,1,NaN,0,27,4,0,48,16,12,2,2,2,0,27,35,0,0,0,0,0,4,0,42,0,2,20,0,0,0,109,0,0,0,7,325,10,0,0,0,1,1,4,7,5,1,49,30,1,16,0,0,2,2,9,1,0,NaN,6,0,0,NaN,0,14,138,0,2,0,6,298,1,12,0,0,1,0,0,0,0,0,3,22,0,72,17,13,6,43,5,100,2,248,1,54,1,0,NaN,5,5,0,4,2,NaN,0,5,NaN,7,3,0,3,0,0,7,0,0,0,NaN,0,0,50,1,0,0,3,1,1,NaN,0,0,46,1,5,1,0,15,0,9,NaN,2,6,NaN,1,0,0,6,10,1,109,6,3,0,25,7,0,1,48,520,0,NaN,0,1,0,0,28,0,11,0,0,8,16,3,0,0,53,54,1,NaN,0,0,1,0,24,11,4,15,2,8,NaN,0,0,4,2,20,10,NaN,NaN,0,157,11,163,1,1257,2,26,0,16,4,NaN,1,1,3,3584,1159,2932,1811,1221,115,905,28,1971,139,1417,54,114,120,0,4863,,,,,,,,,,,,,,,,,,,,,,,,,,,,,,,,,,
1977,1,2,11,NaN,1,NaN,0,27,4,0,51,15,13,3,2,2,0,27,34,0,0,0,0,0,4,0,44,0,2,21,0,0,0,111,0,0,0,6,356,11,0,0,0,1,1,4,8,3,1,51,31,1,17,0,0,2,2,10,1,0,NaN,6,0,0,NaN,0,14,132,0,2,0,7,287,1,13,0,0,1,0,0,1,0,1,4,23,1,76,22,12,6,45,5,97,2,255,1,56,1,0,NaN,5,5,0,4,1,NaN,0,5,NaN,8,3,0,3,0,0,6,0,0,0,NaN,0,0,53,1,0,0,3,1,1,NaN,0,0,45,1,6,1,0,14,0,9,NaN,2,7,NaN,1,0,0,6,10,1,114,6,3,0,29,7,0,1,49,538,0,NaN,0,0,0,0,32,1,11,0,0,8,16,3,0,0,55,53,1,NaN,0,0,1,0,23,11,4,17,2,9,NaN,0,0,4,2,22,10,NaN,NaN,0,163,11,165,1,1292,2,27,0,17,4,NaN,1,1,3,3645,1229,2975,1899,1209,118,965,27,1984,146,1456,58,119,123,0,4996,,,,,,,,,,,,,,,,,,,,,,,,,,,,,,,,,,
1978,1,2,17,NaN,1,NaN,0,28,5,0,55,16,13,2,2,2,0,28,37,0,0,0,0,0,4,0,48,0,3,22,0,0,0,113,0,0,0,6,397,11,0,0,0,1,1,4,8,2,1,51,30,1,17,0,0,1,3,11,1,0,NaN,7,0,0,NaN,0,14,138,0,2,0,7,295,1,13,0,0,1,0,0,1,0,1,4,24,1,77,26,12,6,44,6,101,2,246,1,58,1,0,NaN,6,5,0,4,1,NaN,0,6,NaN,8,3,0,3,0,0,6,0,0,0,NaN,0,0,61,2,0,0,4,1,1,NaN,0,0,46,0,5,1,0,13,0,9,NaN,2,7,NaN,1,0,0,6,10,1,118,6,3,1,31,7,0,1,53,556,0,NaN,0,0,0,0,31,1,12,0,0,9,16,3,0,0,55,54,1,NaN,0,0,1,0,22,12,4,19,3,10,NaN,0,0,4,2,21,10,NaN,NaN,0,168,12,165,1,1333,2,28,0,19,4,NaN,1,1,3,3742,1313,3051,2004,1246,126,1014,27,2048,146,1507,61,126,125,0,5180,,,,,,,,,,,,,,,,,,,,,,,,,,,,,,,,,,
1979,1,2,12,NaN,1,NaN,0,30,5,0,56,17,13,2,2,2,0,29,38,0,0,0,0,0,4,0,51,0,2,22,0,0,0,121,0,0,0,7,406,12,0,0,0,1,1,5,9,2,1,50,30,1,17,0,0,2,3,12,1,0,NaN,7,1,0,NaN,0,15,145,0,2,0,7,305,1,14,0,0,1,0,0,0,0,1,4,23,1,81,26,14,7,45,6,105,2,260,1,59,1,0,NaN,5,5,0,4,2,NaN,1,7,NaN,8,3,0,3,0,0,7,0,0,0,NaN,0,0,66,2,0,0,4,1,1,NaN,0,0,51,0,5,0,0,19,0,9,NaN,2,8,NaN,1,0,0,6,10,1,120,7,4,0,36,7,0,1,53,561,0,NaN,0,0,0,0,38,1,13,0,0,10,16,4,0,0,60,55,1,NaN,0,0,1,0,23,11,6,21,3,10,NaN,0,0,5,2,20,10,NaN,NaN,0,170,10,176,1,1336,2,28,0,21,4,NaN,1,1,3,3819,1374,3131,2061,1292,136,1053,28,2102,156,1522,61,135,125,0,5318,,,,,,,,,,,,,,,,,,,,,,,,,,,,,,,,,,
1980,0,1,18,NaN,1,NaN,0,30,5,0,60,14,14,2,2,2,0,30,37,0,0,0,0,0,4,0,51,0,2,21,0,0,0,121,0,0,0,7,398,12,0,0,0,1,2,5,9,2,1,50,31,1,16,0,0,2,4,12,1,0,NaN,7,0,0,NaN,0,16,138,0,2,0,7,300,1,14,0,0,1,0,0,0,0,1,5,24,1,85,26,12,7,33,6,105,2,258,1,61,2,0,NaN,7,6,0,4,2,NaN,1,7,NaN,8,3,0,3,0,0,8,0,0,0,NaN,0,0,73,2,0,0,4,1,2,NaN,0,0,48,1,5,1,0,19,0,9,NaN,2,9,NaN,1,0,0,7,10,1,126,7,4,1,37,7,0,1,54,583,0,NaN,0,0,0,0,46,1,13,0,0,9,16,4,0,0,62,58,1,NaN,0,0,1,0,20,11,6,23,3,11,NaN,0,0,5,3,21,11,NaN,NaN,0,176,10,158,1,1287,2,29,0,25,5,NaN,1,1,3,3772,1398,3064,2106,1263,146,1057,27,2102,151,1481,66,139,122,0,5292,,,,,,,,,,,,,,,,,,,,,,,,,,,,,,,,,,
1981,1,2,13,NaN,1,NaN,0,28,5,0,63,15,13,1,2,2,0,29,34,0,0,0,0,0,5,0,47,0,0,22,0,0,0,117,0,0,0,7,394,12,0,0,0,1,1,5,9,2,1,50,31,1,14,0,0,2,5,14,0,0,NaN,7,1,0,NaN,0,14,124,0,2,0,7,286,1,14,0,0,1,0,0,0,0,0,5,24,0,92,27,9,7,31,6,102,2,253,2,60,2,0,NaN,7,6,0,4,2,NaN,1,8,NaN,8,3,0,4,0,0,8,0,0,0,NaN,0,0,77,2,0,0,4,1,2,NaN,0,0,45,0,5,1,0,18,0,9,NaN,2,9,NaN,1,1,0,7,9,1,112,7,4,1,38,7,0,1,54,572,0,0,0,0,0,0,48,1,14,0,0,7,16,4,0,0,70,56,1,0,0,0,1,0,19,11,7,20,3,10,NaN,0,0,5,3,22,11,NaN,NaN,0,173,10,153,1,1236,1,28,0,25,5,NaN,1,1,3,3637,1399,2949,2087,1200,150,1051,26,2026,151,1431,68,133,113,0,5149,,,,,,,,,,,,,,,,,,,,,,,,,,,,,,,,,,
1982,1,2,11,NaN,1,NaN,0,28,5,0,64,15,14,1,3,2,0,30,32,0,0,0,0,0,4,0,47,0,1,25,0,0,0,113,0,0,0,6,429,12,0,0,0,1,2,5,9,2,1,49,32,1,15,0,0,2,5,15,0,0,NaN,7,0,0,NaN,0,12,120,0,2,0,7,277,1,14,0,0,1,0,0,0,0,0,5,24,0,95,29,8,7,38,7,100,2,245,2,61,1,0,NaN,6,6,0,4,2,NaN,0,8,NaN,8,2,0,3,0,0,8,0,0,0,NaN,0,0,83,2,0,0,5,1,2,NaN,0,0,36,0,5,1,0,18,0,8,NaN,2,10,NaN,1,1,0,6,10,1,115,8,3,2,39,7,0,1,53,582,0,0,0,0,0,0,43,1,13,0,0,8,16,4,0,0,77,57,1,0,0,0,1,0,17,10,7,20,3,10,NaN,0,0,5,3,24,11,NaN,NaN,0,176,10,150,1,1174,1,29,0,25,5,NaN,2,1,2,3549,1459,2853,2156,1172,156,1089,26,2009,154,1370,70,134,102,0,5110,,,,,,,,,,,,,,,,,,,,,,,,,,,,,,,,,,
1983,1,2,14,NaN,1,NaN,0,29,5,0,61,14,14,1,2,2,0,30,28,0,0,0,0,0,5,0,45,0,1,25,0,0,0,111,0,0,0,6,452,13,0,0,0,1,1,5,8,1,1,49,34,1,14,0,0,2,5,16,1,0,NaN,7,1,0,NaN,0,11,116,0,2,0,7,276,1,15,0,0,1,0,0,0,0,1,6,24,0,103,29,10,7,41,6,98,2,240,2,62,1,0,NaN,6,6,0,4,2,NaN,0,8,NaN,8,2,0,3,0,0,10,0,0,0,NaN,0,0,76,2,0,0,5,1,2,NaN,0,0,37,0,5,1,0,16,0,9,NaN,2,11,NaN,1,1,0,6,10,1,115,8,3,2,41,7,0,1,55,591,0,0,0,0,0,0,44,1,14,0,0,10,16,4,0,0,80,56,1,0,0,0,0,0,16,11,8,23,3,11,NaN,0,0,4,3,25,11,NaN,NaN,0,179,10,149,1,1183,1,29,0,25,5,NaN,2,1,3,3550,1511,2837,2224,1160,162,1131,24,2012,162,1371,67,132,98,0,5159,,,,,,,,,,,,,,,,,,,,,,,,,,,,,,,,,,
1984,1,2,19,NaN,1,NaN,0,29,5,0,65,15,14,1,3,2,0,30,29,0,0,0,0,0,5,0,46,0,1,24,0,0,0,116,0,0,0,6,492,13,0,0,0,1,1,5,9,3,1,51,37,1,14,0,0,2,6,17,0,0,NaN,7,0,0,NaN,0,12,111,0,2,0,7,282,1,15,0,0,1,0,0,0,0,1,6,25,0,105,31,11,7,41,6,100,1,256,2,62,1,0,NaN,8,6,0,5,2,NaN,0,8,NaN,9,2,0,4,0,0,9,0,0,0,NaN,0,0,76,2,0,0,5,0,2,NaN,0,0,39,0,5,1,0,19,0,9,NaN,2,12,NaN,1,1,0,6,8,1,118,8,3,2,45,7,0,1,52,596,0,0,0,0,0,0,42,1,14,0,0,9,16,4,0,0,86,54,1,0,0,0,0,0,16,11,9,23,3,12,NaN,0,0,5,3,26,11,NaN,NaN,0,180,13,144,1,1220,1,30,0,25,5,NaN,2,1,3,3620,1590,2909,2302,1164,177,1197,26,2024,170,1411,71,134,98,0,5309,,,,,,,,,,,,,,,,,,,,,,,,,,,,,,,,,,
1985,1,2,20,NaN,1,NaN,0,27,5,0,66,15,15,0,3,3,0,33,28,0,0,0,0,0,5,0,49,0,1,24,0,0,0,115,0,0,0,6,533,13,0,0,0,1,2,6,9,4,1,50,39,1,16,0,0,2,5,17,1,0,NaN,8,0,0,NaN,0,14,110,0,2,0,8,285,1,16,0,0,1,0,0,0,0,1,6,23,0,116,33,12,7,44,7,101,1,249,2,67,1,0,NaN,8,6,0,5,2,NaN,0,8,NaN,9,3,0,4,0,0,10,0,0,0,NaN,0,0,78,2,1,0,5,0,2,NaN,0,0,40,0,6,1,0,19,0,9,NaN,2,13,NaN,1,1,0,5,8,1,121,7,3,2,49,8,0,1,53,643,0,0,0,0,0,0,47,1,15,0,0,9,16,4,0,0,88,55,1,0,0,0,0,0,17,11,8,23,3,13,NaN,0,0,6,3,29,12,NaN,NaN,0,194,14,153,1,1224,1,32,0,28,6,NaN,2,1,3,3704,1694,2938,2459,1188,182,1266,28,2112,183,1418,73,137,100,0,5498,,,,,,,,,,,,,,,,,,,,,,,,,,,,,,,,,,
1986,1,2,21,NaN,1,NaN,0,28,5,0,65,15,15,0,3,3,0,33,28,0,0,0,0,0,5,0,54,0,1,25,0,0,0,110,0,0,0,6,560,13,0,0,0,1,2,6,9,1,1,51,43,1,16,0,0,2,4,20,1,0,NaN,8,1,0,NaN,0,15,106,0,1,0,8,286,1,16,0,0,1,0,0,0,0,0,7,23,0,124,33,13,8,40,7,99,1,249,3,67,1,0,NaN,10,6,0,5,2,NaN,0,9,NaN,9,2,0,4,0,0,11,0,0,0,NaN,0,0,80,3,1,0,5,0,2,NaN,0,0,39,0,6,1,0,20,0,10,NaN,3,13,NaN,1,1,0,6,8,1,123,8,4,1,50,8,0,1,55,644,0,0,0,0,0,0,56,1,15,0,0,10,16,4,0,0,90,52,1,0,0,0,0,0,17,12,8,25,3,13,NaN,0,0,5,3,32,12,NaN,NaN,0,195,13,155,1,1225,1,32,0,30,6,NaN,2,1,4,3703,1766,2939,2530,1188,188,1313,24,2117,195,1416,73,145,108,0,5576,,,,,,,,,,,,,,,,,,,,,,,,,,,,,,,,,,
1987,1,2,23,NaN,2,NaN,0,31,5,0,70,16,15,0,3,3,0,33,28,0,0,0,0,0,5,0,56,0,1,25,0,0,0,118,0,0,0,6,598,14,0,0,0,1,2,6,9,1,1,50,48,1,16,0,0,3,4,20,1,0,NaN,8,1,0,NaN,0,16,104,0,1,0,8,282,1,17,0,0,1,0,0,0,0,1,8,23,1,133,34,14,8,43,7,104,1,246,3,67,1,0,NaN,9,6,0,5,2,NaN,0,9,NaN,9,2,0,4,0,0,11,0,0,1,NaN,1,0,84,3,1,0,5,0,1,NaN,0,0,41,0,7,1,0,16,0,9,NaN,3,14,NaN,1,1,1,7,9,1,127,9,3,1,53,8,0,1,58,642,0,0,0,0,0,0,52,1,15,0,0,9,16,4,0,0,90,52,1,0,0,0,0,0,16,11,10,27,3,15,NaN,0,0,5,3,35,12,NaN,NaN,0,194,13,156,1,1278,1,32,0,30,6,NaN,2,1,4,3770,1842,3017,2595,1198,188,1371,25,2121,199,1479,77,152,145,0,5757,,,,,,,,,,,,,,,,,,,,,,,,,,,,,,,,,,
1988,1,2,23,NaN,1,NaN,0,33,5,0,71,14,15,0,3,4,0,34,27,0,0,0,0,0,5,0,57,0,2,24,0,0,0,124,0,0,0,7,641,14,0,0,0,1,2,6,10,1,1,49,55,1,15,0,0,3,5,20,1,0,NaN,8,1,0,NaN,0,14,102,0,1,0,8,281,1,18,0,0,1,0,0,0,0,1,8,21,1,143,36,18,8,48,8,105,1,269,3,69,1,0,NaN,9,6,0,5,2,NaN,0,10,NaN,9,2,0,4,0,0,12,0,0,1,NaN,1,0,83,3,1,0,6,0,1,NaN,0,0,40,0,7,1,0,19,0,10,NaN,3,16,NaN,1,1,1,7,10,1,121,9,3,1,61,8,0,1,58,659,0,0,0,0,0,0,55,1,16,0,0,10,16,4,0,0,94,54,1,0,0,0,1,0,16,11,10,31,3,18,NaN,0,0,4,3,34,12,NaN,NaN,0,199,13,156,1,1333,1,33,0,32,6,NaN,3,1,4,3868,1960,3102,2726,1186,198,1480,25,2134,212,1541,79,158,150,0,5977,,,,,,,,,,,,,,,,,,,,,,,,,,,,,,,,,,
1989,1,2,22,NaN,1,NaN,0,32,5,0,76,15,15,1,3,4,0,33,29,0,0,0,0,0,5,0,58,0,2,24,0,0,0,126,0,0,0,9,651,14,0,0,0,1,2,6,10,1,1,47,58,1,13,0,0,3,6,20,1,0,NaN,8,1,0,NaN,0,14,107,0,2,0,8,275,1,20,0,0,1,0,0,0,0,1,8,21,1,157,36,20,8,52,9,110,2,279,2,67,1,0,NaN,10,6,0,5,2,NaN,0,10,NaN,9,3,0,4,0,0,14,0,0,1,NaN,1,0,98,3,1,0,6,0,1,NaN,0,0,44,0,7,0,0,11,0,9,NaN,3,16,NaN,1,1,1,6,11,1,115,11,4,2,64,8,0,1,58,644,0,0,0,0,0,0,56,1,15,0,0,11,15,4,0,0,93,61,1,0,0,0,1,0,15,11,9,33,3,21,NaN,0,0,4,4,38,12,NaN,NaN,0,195,15,159,1,1350,1,32,0,30,5,NaN,3,1,4,3895,2018,3173,2740,1200,191,1527,26,2128,224,1575,84,158,154,0,6067,,,,,,,,,,,,,,,,,,,,,,,,,,,,,,,,,,
1990,1,2,21,0,1,0,0,31,5,0,76,17,14,1,3,4,0,28,33,0,0,0,0,0,5,1,56,0,2,21,0,0,0,126,0,0,0,9,661,16,0,0,0,1,1,6,9,1,1,45,33,1,15,0,0,2,5,21,1,0,NaN,10,1,0,NaN,0,16,109,0,1,0,8,287,1,23,0,0,1,0,0,0,0,1,7,20,1,168,41,13,9,57,10,120,2,316,3,73,2,0,NaN,10,6,0,5,2,0,0,10,0,10,3,0,4,0,0,16,0,0,1,NaN,0,0,87,3,1,0,6,0,1,NaN,0,0,44,0,7,1,0,11,0,10,0,3,19,NaN,1,1,1,6,11,2,103,12,3,0,68,8,0,1,46,689,0,0,0,0,0,0,51,1,15,0,0,12,17,4,0,0,85,63,1,0,0,0,0,0,16,12,10,33,3,24,NaN,0,0,5,4,41,11,0,0,0,193,14,164,1,1398,1,30,0,33,6,NaN,3,1,4,4046,2002,3289,2758,1220,179,1577,26,2188,224,1611,84,159,153,0,6200,,,,,,,,,,,,,,,,,,,,,,,,,,,,,,,,,,
1991,1,1,22,0,1,0,0,32,5,0,76,18,14,1,3,4,0,26,34,0,0,0,0,0,4,1,59,0,1,17,0,0,0,124,0,0,0,8,693,15,0,0,0,1,1,5,8,1,1,41,32,1,18,0,0,3,4,21,1,0,NaN,9,1,0,NaN,0,15,116,0,1,0,6,277,1,23,0,0,1,0,0,0,0,1,8,19,1,179,49,12,9,62,10,120,2,319,3,70,1,0,NaN,4,5,0,5,2,0,0,12,0,10,3,0,3,0,0,19,0,0,1,NaN,0,0,90,3,0,0,7,0,1,0,0,0,47,0,7,1,0,11,0,9,0,3,18,NaN,1,1,1,6,12,2,102,13,5,0,72,6,0,1,38,654,0,0,0,0,0,0,73,1,11,0,0,12,15,4,0,0,89,66,1,0,0,0,1,0,16,13,12,36,2,27,NaN,0,0,5,4,43,10,0,0,0,173,15,166,1,1384,1,31,0,31,6,NaN,2,1,4,3964,2218,3285,2896,1206,187,1638,26,2107,250,1598,84,161,148,130,6329,,,,,,,,,,,,,,,,,,,,,,,,,,,,,,,,,,
1992,0,1,22,0,1,0,0,33,2,0,78,16,15,1,3,4,0,25,33,0,0,0,0,0,4,1,60,0,1,16,0,0,0,127,0,0,0,9,725,17,0,0,0,1,1,5,6,1,2,39,28,1,16,0,0,3,6,22,1,0,NaN,7,1,0,0,0,15,113,0,1,0,4,264,1,23,0,0,2,0,0,0,0,1,9,17,1,191,56,16,9,62,11,119,2,322,3,64,1,0,NaN,8,3,0,4,3,0,0,10,0,6,3,0,3,0,0,20,0,0,1,0,0,0,91,3,0,0,7,0,1,0,0,0,47,0,8,1,0,13,0,9,0,3,20,0,1,1,1,6,13,2,100,14,7,1,77,6,0,1,36,534,0,0,0,0,0,0,78,1,12,0,0,13,13,4,0,0,82,68,1,0,0,0,1,0,16,13,12,38,2,29,NaN,0,0,5,4,45,9,0,0,0,161,16,162,1,1412,1,30,0,29,6,NaN,3,1,5,3829,2153,3302,2680,1166,182,1689,25,1935,270,1631,86,163,150,0,6132,,,,,,,,,,,,,,,,,,,,,,,,,,,,,,,,,,
1993,0,1,22,0,2,0,0,32,1,0,79,17,13,0,4,4,0,21,33,0,0,0,0,0,3,1,62,0,1,16,0,0,0,127,0,0,0,9,774,17,0,0,0,1,1,5,5,1,2,38,26,1,17,0,0,3,7,25,1,0,NaN,5,1,0,0,0,15,108,0,1,0,3,261,1,23,0,0,2,0,0,0,0,1,9,17,1,197,60,17,9,64,12,118,2,320,3,56,2,0,NaN,13,2,0,3,3,0,0,11,0,4,3,0,3,0,0,25,0,0,1,0,0,0,92,3,0,0,8,0,1,0,0,0,47,0,8,1,0,12,0,10,0,4,21,0,1,1,1,6,13,2,100,14,8,1,88,4,0,1,34,508,0,0,0,0,0,0,86,1,10,0,0,14,13,4,0,0,88,66,1,0,0,0,1,0,16,12,12,42,1,33,NaN,0,0,5,4,47,8,0,0,0,139,18,158,1,1441,1,32,0,34,6,NaN,2,1,4,3786,2262,3326,2722,1144,193,1757,25,1857,294,1661,88,173,152,0,6200,,,,,,,,,,,,,,,,,,,,,,,,,,,,,,,,,,
1994,0,1,24,0,1,0,0,33,1,0,80,17,11,0,4,5,0,18,34,0,0,0,0,0,1,1,65,0,1,15,0,0,0,131,0,0,0,10,822,18,0,1,0,1,1,4,6,1,2,36,24,0,18,0,0,3,4,23,1,0,0,5,1,0,0,0,17,107,0,1,0,2,257,1,24,0,0,2,0,0,0,0,1,8,17,1,209,61,19,9,72,13,116,2,335,4,47,2,0,NaN,15,2,0,3,3,0,0,12,0,4,3,0,3,0,0,25,0,0,1,0,0,0,96,2,0,0,8,0,2,0,0,0,47,1,8,1,0,10,0,10,0,4,23,0,1,1,1,6,15,2,98,14,8,1,94,3,0,1,33,448,0,0,0,0,0,0,84,1,10,0,0,17,12,4,0,0,92,69,1,0,0,0,1,0,16,12,13,43,1,37,NaN,0,0,5,4,46,9,0,0,0,114,20,157,1,1467,1,30,0,35,7,NaN,2,1,5,3743,2342,3379,2706,1139,196,1834,26,1760,307,1694,89,178,158,0,6244,,,,,,,,,,,,,,,,,,,,,,,,,,,,,,,,,,
1995,0,1,26,0,3,0,0,35,1,0,83,18,9,0,4,6,0,16,34,0,0,0,0,0,1,1,70,0,1,16,0,0,0,135,0,0,0,11,891,16,0,0,0,1,2,5,7,1,2,36,22,1,17,0,0,4,6,26,1,0,0,5,1,0,0,0,16,109,0,1,0,1,256,1,24,0,0,2,0,0,0,0,1,9,17,1,221,62,20,10,74,14,123,3,338,4,44,2,0,NaN,15,1,0,2,3,0,0,12,0,4,2,0,3,0,0,33,0,0,1,0,0,0,91,2,0,0,8,0,2,0,0,1,47,1,8,1,0,9,0,11,0,4,23,0,1,1,1,6,16,3,99,15,9,1,102,3,0,1,35,440,0,0,0,0,0,0,64,1,11,0,0,11,12,4,0,0,99,73,2,0,0,0,1,0,16,12,11,45,1,43,NaN,0,0,5,4,49,9,0,0,0,106,19,155,1,1484,1,28,0,36,8,NaN,3,1,4,3767,2444,3426,2786,1151,211,1934,29,1756,294,1709,92,187,167,0,6379,,,,,,,,,,,,,,,,,,,,,,,,,,,,,,,,,,
1996,0,1,26,0,3,0,0,37,1,0,85,18,9,0,4,6,0,16,35,0,0,0,0,0,1,1,77,0,1,16,0,0,0,139,0,0,0,13,930,16,0,0,0,1,2,5,7,1,2,37,20,1,20,0,0,5,7,26,1,0,0,5,1,0,0,0,17,113,0,1,0,1,262,1,24,0,0,2,0,0,0,0,1,8,17,1,240,70,19,10,75,14,121,3,342,4,41,2,0,NaN,14,2,0,3,3,0,0,12,0,4,3,0,3,0,0,34,0,0,1,0,0,1,94,2,0,0,8,0,2,0,0,1,50,1,8,1,0,10,0,11,0,4,26,0,1,1,1,7,17,3,103,14,9,1,110,3,0,1,35,431,0,0,0,0,0,0,70,1,13,0,0,13,12,4,0,0,99,69,2,0,0,0,1,0,17,12,12,47,1,47,NaN,0,0,6,5,54,8,0,0,0,96,20,161,1,1535,1,29,0,33,9,NaN,3,1,4,3838,2558,3533,2862,1180,213,2019,31,1769,305,1769,94,195,182,0,6577,,,,,,,,,,,,,,,,,,,,,,,,,,,,,,,,,,
1997,0,0,24,0,2,0,0,38,1,0,88,18,8,0,5,6,0,17,34,0,0,0,0,0,2,1,81,0,1,15,0,0,0,143,0,0,0,15,932,18,0,1,0,1,2,5,7,1,2,36,18,1,18,0,0,5,5,29,1,0,0,5,1,0,0,0,17,111,0,1,0,1,254,2,26,0,0,2,0,0,0,0,1,8,17,1,250,77,19,11,73,15,122,3,340,4,38,2,0,NaN,15,2,0,2,4,0,0,12,0,4,2,0,3,0,0,34,0,0,1,0,0,1,101,2,0,0,8,0,2,0,0,1,48,0,9,1,0,11,0,11,0,4,26,0,2,1,1,7,19,3,100,15,10,1,117,2,0,1,34,403,0,0,0,0,0,0,59,1,13,0,0,16,12,4,0,0,105,73,2,0,0,0,1,0,16,12,12,51,1,49,NaN,0,0,5,5,58,8,0,0,0,93,20,153,1,1556,2,29,0,36,12,NaN,3,1,4,3808,2615,3558,2866,1156,222,2052,31,1714,301,1800,97,207,191,0,6615,,,,,,,,,,,,,,,,,,,,,,,,,,,,,,,,,,
1998,0,0,29,0,2,0,0,38,1,0,91,18,9,1,5,6,0,16,36,0,0,0,0,0,3,1,84,0,1,15,0,0,1,145,0,0,0,16,891,18,0,0,0,1,2,5,7,0,2,34,16,0,17,0,0,5,6,33,2,0,0,5,1,0,0,0,16,116,0,1,0,1,252,2,27,0,0,2,0,0,0,0,1,11,17,1,255,59,20,11,84,15,126,3,329,4,37,3,0,NaN,14,2,0,2,4,0,0,12,0,4,2,0,3,0,0,31,0,0,1,0,0,1,106,2,0,0,9,0,2,0,0,1,48,0,8,1,0,10,0,12,0,4,26,0,2,1,1,8,19,3,92,16,9,1,99,2,0,1,29,398,0,0,0,0,0,0,57,1,14,0,0,13,12,4,0,0,103,75,2,0,0,0,1,0,16,12,14,54,1,43,NaN,0,0,5,5,58,9,0,0,0,90,22,155,1,1569,2,32,0,46,13,NaN,3,1,4,3807,2581,3557,2831,1154,228,1968,31,1706,313,1821,101,221,203,0,6591,,,,,,,,,,,,,,,,,,,,,,,,,,,,,,,,,,
1999,0,1,25,0,2,0,0,40,1,0,94,18,8,1,5,7,0,16,34,0,0,0,0,0,3,1,86,0,1,13,0,0,1,150,0,0,0,17,889,15,0,0,0,1,2,5,7,0,2,32,17,0,16,0,0,5,6,34,2,0,0,4,1,0,0,0,16,115,0,1,0,1,245,2,27,0,0,2,0,0,0,0,1,12,17,1,272,67,20,12,104,15,127,3,339,4,30,3,0,NaN,15,1,0,2,4,0,0,12,0,4,2,0,3,0,0,30,0,0,1,0,0,1,107,2,0,0,9,0,2,0,0,1,47,1,9,1,0,11,0,12,0,6,27,0,2,1,1,8,19,3,90,18,9,1,109,1,0,1,25,406,0,0,0,0,0,0,62,1,10,0,0,14,12,4,0,0,102,82,2,0,0,0,1,0,15,12,14,56,1,45,NaN,1,0,6,5,57,10,0,0,0,81,21,153,1,1591,2,33,0,47,13,NaN,4,0,4,3827,2638,3595,2870,1136,226,2010,33,1682,338,1848,104,226,210,0,6675,,,,,,,,,,,,,,,,,,,,,,,,,,,,,,,,,,
2000,0,1,24,0,3,0,0,39,1,1,96,18,8,1,5,7,0,15,35,0,0,0,0,0,4,1,88,0,1,12,0,0,1,156,0,0,0,16,914,15,0,0,0,1,2,5,7,1,2,35,19,0,15,0,0,5,6,38,2,0,0,4,1,0,0,0,16,114,0,1,0,1,246,2,28,0,0,3,0,0,0,0,1,11,16,1,281,73,20,12,101,16,128,3,345,4,36,3,0,NaN,15,1,0,2,4,1,0,13,0,3,2,0,3,1,0,35,0,0,1,0,0,1,108,2,0,0,9,0,3,0,0,1,47,1,9,1,0,22,0,12,0,6,29,0,2,1,1,8,20,3,87,18,9,1,122,1,0,1,26,402,0,0,0,0,0,0,81,1,12,0,0,13,11,4,0,0,103,85,3,0,0,0,1,0,15,12,14,61,1,47,NaN,0,0,6,5,63,10,0,0,0,78,31,155,1,1637,1,33,0,41,14,NaN,4,0,4,3885,2768,3681,2971,1142,242,2093,35,1683,372,1901,106,220,212,0,6865,,,,,,,,,,,,,,,,,,,,,,,,,,,,,,,,,,
2001,0,1,23,0,3,0,0,36,1,1,98,19,8,1,4,8,0,15,34,0,0,0,0,0,4,1,91,0,1,13,0,0,1,154,0,0,0,14,935,15,0,0,0,2,2,6,7,1,2,35,20,0,15,0,0,5,6,34,2,1,0,4,1,0,0,0,17,115,0,1,0,1,250,2,29,0,0,3,0,0,0,0,2,10,16,1,283,81,23,13,108,17,130,3,341,4,35,3,0,NaN,16,1,0,2,4,1,0,13,0,3,3,0,3,0,0,37,0,0,1,0,0,1,112,2,0,0,10,0,2,1,0,1,48,1,9,1,0,24,0,12,0,5,29,0,2,1,1,7,19,2,86,18,11,1,122,1,0,2,27,411,0,0,0,0,0,0,81,1,13,0,0,13,12,4,0,0,101,85,3,0,0,0,1,0,15,12,13,61,1,50,NaN,0,0,7,6,58,10,0,0,0,83,27,157,1,1610,1,34,0,47,16,0,4,1,3,3891,2821,3669,3043,1161,241,2129,37,1719,378,1876,108,223,211,0,6923,,,,,,,,,,,,,,,,,,,,,,,,,,,,,,,,,,
2002,0,1,24,0,3,0,0,34,1,1,99,20,8,1,4,9,0,15,34,0,1,0,0,0,4,1,89,0,1,13,0,0,1,156,0,0,0,15,1032,15,0,0,0,2,2,6,7,1,2,34,19,0,15,0,0,6,7,34,2,2,0,4,1,0,0,0,18,114,0,1,0,1,246,2,29,0,0,3,0,0,0,0,2,11,16,1,286,84,24,13,109,16,130,3,349,4,40,2,0,NaN,16,1,0,2,4,1,0,13,0,3,3,0,3,0,0,37,0,0,1,0,0,1,112,2,0,0,10,0,2,0,0,1,48,1,9,1,0,26,0,12,0,7,31,0,2,1,1,7,19,3,84,19,11,1,127,1,0,2,28,408,0,0,0,0,0,0,89,1,14,0,0,13,11,5,0,0,97,91,3,0,0,0,0,0,15,12,10,64,1,52,0,0,0,8,6,60,11,0,0,0,81,23,153,1,1622,1,35,0,53,19,0,4,1,3,3901,2957,3691,3167,1155,242,2261,38,1708,382,1890,110,226,216,0,7074,,,,,,,,,,,,,,,,,,,,,,,,,,,,,,,,,,
2003,0,1,25,0,2,0,0,37,1,1,101,21,8,1,5,9,0,16,35,0,1,0,0,0,4,1,87,0,1,14,0,0,1,160,0,0,0,15,1215,16,0,0,0,2,1,6,7,1,2,35,19,0,17,0,0,6,7,40,2,2,0,5,1,0,0,0,20,115,0,1,0,1,246,2,30,0,0,3,0,0,0,0,2,12,17,1,298,86,25,12,113,17,134,3,351,5,45,2,0,NaN,16,1,0,2,5,1,0,13,0,3,3,0,3,0,0,43,0,0,1,0,0,1,119,2,1,0,10,1,3,1,0,1,49,1,10,1,0,27,0,12,0,9,32,0,2,1,1,7,19,3,87,18,11,1,126,1,0,2,29,416,0,0,0,0,0,0,89,1,15,0,0,8,12,4,0,0,110,92,3,0,0,0,0,0,16,12,15,66,1,55,0,0,0,9,6,65,12,0,0,0,84,29,156,1,1635,1,35,0,52,21,0,5,1,3,3960,3229,3748,3442,1180,263,2479,40,1746,407,1915,112,227,225,0,7415,,,,,,,,,,,,,,,,,,,,,,,,,,,,,,,,,,
2004,0,1,24,0,5,0,0,43,1,1,105,21,9,1,5,10,0,17,35,0,1,0,0,0,4,1,91,0,1,14,0,0,1,160,0,0,0,16,1399,15,0,0,0,2,2,6,7,1,2,35,20,0,15,0,0,5,8,41,2,2,0,5,1,0,0,0,19,116,0,1,0,1,242,2,30,0,0,3,0,0,0,1,2,11,16,1,313,93,31,13,121,16,135,3,350,5,46,2,0,NaN,17,2,0,2,5,1,0,14,0,4,3,0,3,0,0,47,0,0,1,0,0,1,120,2,1,0,12,1,3,1,0,1,50,1,10,1,0,27,0,12,1,8,35,0,2,1,1,9,20,3,88,18,12,1,131,1,0,3,28,418,0,0,0,0,0,0,108,1,16,0,0,8,12,5,0,0,123,96,3,0,0,0,0,0,15,12,14,68,1,60,0,0,0,9,6,67,13,0,0,0,85,31,156,1,1666,2,34,0,41,24,0,5,1,3,3999,3520,3791,3727,1182,281,2709,40,1754,443,1946,116,229,245,0,7763,,,,,,,,,,,,,,,,,,,,,,,,,,,,,,,,,,
2005,0,1,29,0,5,0,0,44,1,1,105,22,9,0,5,10,0,17,34,0,1,0,0,0,4,1,93,0,1,14,0,0,1,157,0,0,0,17,1575,16,0,0,0,2,2,6,7,1,2,34,20,0,14,0,0,5,8,45,2,2,0,5,1,0,0,0,16,117,0,1,0,1,237,2,31,0,0,3,0,0,0,1,2,12,17,1,330,94,31,13,127,15,135,3,352,6,50,2,0,NaN,19,2,0,2,5,1,0,14,0,4,3,0,3,0,0,50,0,0,1,0,0,1,127,2,0,0,12,0,3,1,0,1,48,1,10,1,0,29,0,12,1,8,37,0,2,1,1,10,20,3,88,19,14,1,125,1,0,3,28,422,0,0,0,0,0,0,108,2,14,0,0,8,12,5,0,0,114,100,3,0,0,0,0,0,15,12,14,70,1,61,0,0,0,10,6,72,13,0,0,1,85,31,155,1,1673,2,32,0,45,26,0,5,1,3,4005,3764,3799,3970,1176,286,2915,42,1751,461,1957,117,240,255,0,8024,,,,,,,,,,,,,,,,,,,,,,,,,,,,,,,,,,
2006,0,1,27,0,6,0,0,48,1,1,107,21,11,0,5,11,0,18,34,0,1,0,0,0,5,1,93,0,1,14,0,0,1,156,0,0,0,17,1741,17,0,0,0,2,2,6,7,1,2,35,21,0,16,0,0,5,8,48,2,2,0,4,1,0,0,0,19,114,0,1,0,2,240,3,31,0,0,3,1,0,0,1,2,11,16,1,351,95,27,13,137,17,133,3,346,6,56,3,0,NaN,20,1,0,2,4,1,0,14,0,4,3,0,3,0,0,49,0,0,1,0,0,1,130,3,1,0,13,1,3,1,0,1,47,1,10,1,0,27,0,12,1,11,39,0,2,1,1,8,18,4,92,18,17,1,127,1,0,3,29,439,0,0,0,0,0,0,118,1,17,0,0,8,12,5,0,0,122,98,3,0,0,0,0,0,15,12,14,68,1,62,0,0,0,12,6,77,13,0,0,1,91,33,155,2,1651,2,33,0,46,27,0,6,1,3,3999,4021,3783,4238,1177,297,3108,44,1777,493,1937,119,245,270,0,8290,,,,,,,,,,,,,,,,,,,,,,,,,,,,,,,,,,
2007,1,1,30,0,7,0,0,48,1,1,109,20,8,0,7,12,0,18,33,0,1,0,0,0,5,1,97,0,2,15,0,0,1,162,0,0,0,19,1873,17,0,0,0,2,2,7,7,2,2,35,17,0,15,0,0,6,9,51,2,2,0,5,2,0,0,0,18,111,0,1,0,2,232,3,31,0,0,3,1,0,0,1,2,12,16,1,379,103,17,13,140,17,131,3,356,6,58,3,0,NaN,20,2,0,2,4,1,0,13,0,4,3,0,3,0,0,50,0,0,1,0,0,1,131,3,1,0,14,1,3,1,0,1,47,1,10,1,0,26,0,13,1,12,43,0,2,2,1,9,19,3,92,17,17,2,135,1,0,4,29,438,0,0,0,0,0,0,105,1,16,0,0,5,11,5,0,0,127,100,3,0,0,0,0,0,14,12,18,75,1,63,0,0,0,12,6,85,15,0,0,1,92,36,153,2,1672,2,33,0,44,27,0,6,1,3,4025,4227,3825,4427,1164,309,3306,46,1763,492,1966,121,250,285,0,8538,,,,,,,,,,,,,,,,,,,,,,,,,,,,,,,,,,
2008,1,1,30,0,7,0,0,51,2,1,111,20,10,1,8,12,0,18,33,0,1,0,0,0,5,1,104,0,2,15,0,0,1,157,0,0,0,19,2013,18,0,0,0,2,2,6,8,2,2,34,19,0,14,0,0,6,9,53,2,2,0,5,2,0,0,0,16,109,0,1,0,1,233,2,30,0,0,3,1,0,0,1,2,12,16,1,422,114,25,13,146,19,128,3,336,6,58,3,0,2,22,2,1,2,5,1,0,15,0,4,3,0,3,1,0,55,0,0,1,0,0,1,135,3,1,0,14,1,3,1,0,1,48,1,10,1,0,26,0,12,1,11,42,0,2,1,1,11,21,4,90,16,18,1,138,1,0,4,29,447,0,0,0,0,0,0,118,1,14,0,0,10,11,5,0,0,135,92,3,0,0,0,1,0,14,12,18,71,1,62,0,0,0,12,7,84,15,0,0,1,89,42,149,2,1618,2,34,0,49,31,0,6,1,2,3927,4516,3730,4713,1137,322,3500,45,1744,529,1910,122,270,289,0,8732,,,,,,,,,,,,,,,,,,,,,,,,,,,,,,,,,,
2009,2,1,33,0,8,0,0,49,1,1,111,18,9,0,8,13,0,17,29,0,1,0,0,0,6,1,98,0,2,12,0,0,1,148,0,0,0,18,2118,20,0,0,0,2,2,6,8,2,2,31,15,0,13,0,0,5,10,55,2,2,0,4,2,0,0,0,15,104,0,1,0,2,215,2,28,0,0,3,1,0,0,1,2,11,14,1,469,122,28,11,149,17,114,2,317,6,57,3,0,2,24,2,1,2,6,1,0,16,0,4,3,1,2,0,0,54,0,0,1,0,1,1,130,4,0,0,14,1,3,1,0,1,46,1,9,1,0,20,0,12,1,11,42,0,2,1,1,14,21,4,86,16,19,2,138,1,0,4,24,417,0,0,0,0,0,0,127,1,13,0,0,16,10,4,0,0,137,81,4,0,0,0,1,0,13,12,17,67,1,66,0,1,0,12,7,86,14,0,0,1,76,45,135,2,1499,2,29,0,49,34,0,7,1,2,3645,4684,3494,4835,1045,325,3637,45,1605,550,1778,123,266,277,0,8606,,,,,,,,,,,,,,,,,,,,,,,,,,,,,,,,,,
2010,2,1,32,0,8,0,0,51,1,1,111,20,8,1,8,15,0,17,31,0,1,0,0,0,6,1,112,0,2,13,1,0,1,152,0,0,0,19,2320,21,0,1,0,2,2,6,9,1,2,32,14,1,13,0,0,6,10,54,2,2,0,5,2,0,0,0,17,106,0,1,0,2,227,3,27,0,0,3,1,0,0,1,2,11,14,1,464,117,30,11,154,19,116,2,331,6,64,3,0,2,24,2,1,2,5,1,0,17,0,4,3,0,2,1,0,59,0,1,1,0,1,1,127,4,1,0,15,1,4,1,0,1,50,1,10,1,0,31,0,13,1,13,45,0,2,1,1,16,23,4,91,14,20,2,154,1,0,4,23,440,0,0,0,0,0,0,141,2,12,0,0,16,11,4,0,0,128,77,4,0,0,0,1,0,14,12,17,72,1,70,0,1,0,13,7,86,16,0,0,1,80,43,140,2,1556,2,28,0,52,37,0,6,1,2,3780,4975,3616,5138,1076,332,3891,47,1667,572,1834,122,289,293,0,9048,,,,,,,,,,,,,,,,,,,,,,,,,,,,,,,,,,
2011,3,1,33,0,8,0,0,52,1,1,110,19,9,0,8,15,0,17,28,0,1,0,0,0,6,1,117,0,3,14,1,0,1,155,0,0,0,21,2562,21,0,1,0,2,2,6,8,1,2,31,10,1,12,0,0,6,10,58,2,3,0,5,2,0,0,0,15,100,0,1,0,2,221,3,26,0,0,3,1,0,0,1,2,12,14,1,495,139,37,10,158,19,113,2,345,6,62,4,0,2,24,2,1,2,6,1,0,11,0,4,3,0,3,1,0,59,0,1,1,0,1,1,132,6,1,0,15,1,4,1,0,1,46,1,9,1,0,36,0,12,1,15,46,0,3,1,1,13,23,4,91,14,22,2,161,1,0,4,24,455,0,0,0,0,0,0,136,2,13,0,0,13,10,4,0,0,130,78,4,0,0,0,0,0,13,11,15,73,1,69,0,1,0,13,7,93,17,0,0,1,84,46,128,2,1521,2,31,0,47,40,0,6,1,3,3738,5314,3574,5479,1037,340,4212,47,1646,589,1808,122,290,301,0,9354,,,,,,,,,,,,,,,,,,,,,,,,,,,,,,,,,,
2012,3,1,35,0,9,0,0,52,2,0,111,18,10,1,7,17,0,17,28,0,1,0,0,0,6,1,126,0,3,13,1,0,1,156,0,0,0,22,2629,22,0,1,0,2,2,5,8,2,2,30,10,1,11,0,0,6,9,59,2,2,0,5,2,0,0,0,14,100,0,1,0,2,222,4,25,0,0,3,1,0,1,1,2,12,13,1,540,144,42,10,164,20,107,2,356,6,64,3,0,2,27,3,1,2,6,1,0,14,0,4,3,0,2,1,0,59,0,1,1,0,1,1,135,10,1,0,16,1,3,1,0,2,45,1,10,1,0,32,0,12,1,16,45,0,3,1,1,15,24,5,89,14,25,2,159,1,0,4,24,458,0,0,0,0,0,0,154,2,12,0,0,14,10,4,0,0,126,76,4,0,0,0,1,0,13,12,12,70,1,74,0,1,0,12,7,97,18,0,0,1,83,59,133,3,1466,2,31,0,52,37,0,5,1,2,3683,5514,3527,5670,1021,343,4348,46,1630,642,1757,123,307,299,0,9496,,,,,,,,,,,,,,,,,,,,,,,,,,,,,,,,,,
2013,2,1,36,0,9,0,0,52,2,0,109,19,10,1,9,17,0,18,28,0,1,0,0,0,6,2,135,0,2,12,1,0,1,158,0,0,0,22,2674,25,0,1,0,2,3,5,8,1,2,29,7,1,11,0,0,6,11,57,2,2,0,5,3,0,0,0,14,100,0,1,0,2,227,4,22,0,0,3,1,0,1,1,3,12,12,1,544,112,45,10,166,18,99,2,359,6,66,3,0,2,26,3,1,2,6,1,0,15,0,4,3,0,2,1,0,64,0,1,1,0,1,1,134,12,1,0,16,1,4,1,0,2,45,1,10,1,1,33,0,12,1,17,47,0,3,1,1,12,26,5,88,13,23,1,161,1,0,4,21,442,0,0,0,0,0,0,148,2,12,0,0,15,10,4,0,0,125,69,4,0,0,0,1,0,12,12,10,70,1,78,0,1,0,13,7,94,18,0,0,1,81,60,130,3,1507,2,28,0,50,38,0,7,1,3,3685,5553,3548,5690,997,347,4384,47,1588,634,1799,120,318,304,0,9541,,,,,,,,,,,,,,,,,,,,,,,,,,,,,,,,,,
2014,2,1,39,0,12,0,0,53,2,0,107,18,10,1,9,18,0,17,26,0,1,0,0,0,5,2,143,0,2,12,1,0,2,158,0,0,0,21,2680,23,0,1,0,2,3,5,7,2,2,28,8,1,10,0,0,6,12,61,2,2,0,5,3,0,0,0,13,92,0,1,0,2,216,4,21,0,0,4,1,0,1,1,3,12,12,1,600,100,45,10,175,17,95,2,345,7,70,4,0,2,24,3,1,2,6,1,0,16,0,4,3,0,2,1,0,66,0,1,1,0,1,1,131,8,1,0,16,2,4,1,0,2,43,1,10,1,1,35,0,12,1,16,49,0,3,2,1,14,28,5,84,13,29,2,160,1,0,4,21,442,0,0,0,0,0,0,164,2,10,0,0,15,9,4,0,0,132,69,5,0,0,0,1,0,12,11,8,71,1,76,0,1,0,13,8,99,19,0,0,1,70,61,120,3,1521,2,29,0,50,44,0,7,1,3,3625,5683,3497,5811,951,371,4438,47,1527,668,1810,119,327,306,0,9614,,,,,,,,,,,,,,,,,,,,,,,,,,,,,,,,,,
2015,2,1,41,0,9,0,0,55,1,0,110,18,10,1,9,20,0,16,27,0,2,0,0,0,5,1,135,0,2,13,1,0,2,157,0,0,0,22,2652,25,0,1,0,2,3,5,8,2,2,29,7,1,10,0,0,6,12,60,2,2,0,4,4,0,0,1,12,93,0,1,0,3,217,4,20,0,0,4,1,0,1,1,3,12,13,1,627,138,45,10,175,18,97,2,334,7,72,4,0,2,25,3,2,2,7,1,0,15,0,4,3,1,2,1,0,64,0,1,0,0,1,1,132,6,1,0,17,2,6,1,0,2,45,1,10,1,1,31,0,12,1,18,50,0,3,2,2,14,31,5,85,14,29,2,162,1,1,5,21,443,0,0,0,0,0,0,169,3,12,0,0,17,9,4,0,0,126,74,5,0,0,0,0,0,12,11,8,70,1,77,0,1,0,13,8,104,19,0,0,1,61,52,115,3,1480,2,28,0,47,49,0,3,1,3,3577,5724,3466,5835,960,363,4479,49,1529,670,1769,122,320,316,0,9618,,,,,,,,,,,,,,,,,,,,,,,,,,,,,,,,,,
2016,2,1,40,0,9,0,0,55,1,0,113,18,10,0,9,21,0,17,27,0,2,0,0,0,6,2,124,0,2,12,1,0,3,154,0,0,0,23,2649,26,0,1,0,2,2,5,8,1,2,29,7,1,10,0,0,7,11,64,2,2,0,5,4,0,0,1,13,94,0,1,0,3,219,4,19,0,0,4,1,0,1,1,3,12,13,1,647,153,51,11,178,17,96,2,329,7,73,5,0,2,27,3,5,2,7,1,0,14,0,4,2,1,2,1,0,67,0,1,0,0,1,1,132,7,1,0,17,2,7,1,0,2,45,1,9,2,1,32,0,12,1,17,54,0,3,2,2,15,33,6,88,14,28,2,169,1,0,5,21,441,0,0,0,0,0,0,172,3,12,0,0,10,10,4,0,0,130,71,6,0,0,0,0,0,12,11,8,72,1,77,0,1,0,12,8,110,19,0,0,1,64,55,109,3,1448,2,25,0,45,50,0,3,1,3,3536,5791,3438,5889,955,370,4523,49,1527,690,1735,125,310,329,0,9656,,,,,,,,,,,,,,,,,,,,,,,,,,,,,,,,,,
2017,2,1,40,0,9,0,0,54,1,0,114,19,10,0,9,22,0,17,27,0,2,0,0,0,6,2,127,0,2,13,1,0,3,156,0,0,0,23,2685,25,0,1,0,2,2,5,8,1,2,29,8,1,9,0,0,7,11,65,2,2,0,5,4,0,0,1,12,95,0,1,0,3,218,5,20,0,0,4,1,0,1,1,3,12,14,1,671,159,51,11,187,18,95,2,324,7,77,5,0,2,27,3,5,2,7,1,0,14,0,4,3,1,2,1,0,67,0,1,0,0,1,1,134,7,1,0,17,2,7,1,0,2,45,2,10,2,1,34,0,12,1,17,58,0,3,2,2,14,36,6,92,15,30,2,175,1,0,6,20,450,0,0,0,0,0,0,173,3,12,0,0,11,10,4,0,0,126,75,7,0,0,0,0,0,11,10,8,75,1,78,0,1,0,12,8,116,20,0,0,2,61,55,106,3,1439,2,25,0,42,50,0,3,1,3,3534,5905,3445,5994,960,374,4610,49,1537,706,1729,126,307,334,0,9774,,,,,,,,,,,,,,,,,,,,,,,,,,,,,,,,,,
2018,3,1,43,0,9,0,0,53,2,0,115,19,10,0,8,23,0,18,27,0,2,0,0,0,6,2,125,0,2,12,1,0,3,155,0,0,0,23,2747,27,0,1,0,2,2,5,8,1,2,29,8,1,10,0,0,7,11,65,2,2,0,5,4,0,0,1,13,92,0,1,0,3,207,5,20,0,0,5,1,0,1,1,3,12,14,1,724,168,56,11,197,18,92,2,317,7,88,5,0,2,27,3,5,2,7,1,0,15,0,4,3,1,2,1,0,69,0,1,0,0,1,1,130,8,1,0,18,2,7,1,0,3,44,2,9,2,1,35,0,12,1,18,61,0,3,2,2,15,37,6,94,14,29,2,180,1,1,6,20,467,0,0,0,0,0,0,170,3,12,0,0,11,10,4,0,0,128,73,6,0,0,0,0,0,11,10,8,75,1,79,0,1,0,12,9,117,22,0,0,2,61,56,103,3,1478,2,25,0,38,56,0,3,1,3,3564,6079,3460,6183,940,382,4761,50,1536,719,1764,127,304,338,0,9982,,,,,,,,,,,,,,,,,,,,,,,,,,,,,,,,,,
,,,,,,,,,,,,,,,,,,,,,,,,,,,,,,,,,,,,,,,,,,,,,,,,,,,,,,,,,,,,,,,,,,,,,,,,,,,,,,,,,,,,,,,,,,,,,,,,,,,,,,,,,,,,,,,,,,,,,,,,,,,,,,,,,,,,,,,,,,,,,,,,,,,,,,,,,,,,,,,,,,,,,,,,,,,,,,,,,,,,,,,,,,,,,,,,,,,,,,,,,,,,,,,,,,,,,,,,,,,,,,,,,,,,,,,,,,,,,,,,,,,,,,,,,,,,,,,,,,,,,,,,
,,,,,,,,,,,,,,,,,,,,,,,,,,,,,,,,,,,,,,,,,,,,,,,,,,,,,,,,,,,,,,,,,,,,,,,,,,,,,,,,,,,,,,,,,,,,,,,,,,,,,,,,,,,,,,,,,,,,,,,,,,,,,,,,,,,,,,,,,,,,,,,,,,,,,,,,,,,,,,,,,,,,,,,,,,,,,,,,,,,,,,,,,,,,,,,,,,,,,,,,,,,,,,,,,,,,,,,,,,,,,,,,,,,,,,,,,,,,,,,,,,,,,,,,,,,,,,,,,,,,,,,,
